-- MySQL Script generated by MySQL Workbench
-- Wed May 24 14:43:38 2023
-- Model: New Model    Version: 1.0
-- MySQL Workbench Forward Engineering

SET @OLD_UNIQUE_CHECKS=@@UNIQUE_CHECKS, UNIQUE_CHECKS=0;
SET @OLD_FOREIGN_KEY_CHECKS=@@FOREIGN_KEY_CHECKS, FOREIGN_KEY_CHECKS=0;
SET @OLD_SQL_MODE=@@SQL_MODE, SQL_MODE='ONLY_FULL_GROUP_BY,STRICT_TRANS_TABLES,NO_ZERO_IN_DATE,NO_ZERO_DATE,ERROR_FOR_DIVISION_BY_ZERO,NO_ENGINE_SUBSTITUTION';

-- -----------------------------------------------------
-- Schema mydb
-- -----------------------------------------------------

-- -----------------------------------------------------
-- Schema mydb
-- -----------------------------------------------------
CREATE SCHEMA IF NOT EXISTS `mydb` DEFAULT CHARACTER SET utf8 ;
USE `mydb` ;

-- -----------------------------------------------------
-- Table `mydb`.`institution`
-- -----------------------------------------------------
CREATE TABLE IF NOT EXISTS `mydb`.`institution` (
  `institution_id` INT NOT NULL AUTO_INCREMENT,
  `name` VARCHAR(200) NOT NULL,
  `address` VARCHAR(100) NOT NULL,
  `phone_number` VARCHAR(15) NULL,
  `website` VARCHAR(200) NULL,
  `monday` VARCHAR(100) NULL,
  `tuesday` VARCHAR(100) NULL,
  `wednesday` VARCHAR(100) NULL,
  `thursday` VARCHAR(100) NULL,
  `friday` VARCHAR(100) NULL,
  `saturday` VARCHAR(100) NULL,
  `sunday` VARCHAR(100) NULL,
  PRIMARY KEY (`institution_id`),
  UNIQUE INDEX `phone_number_UNIQUE` (`phone_number` ASC) VISIBLE)
ENGINE = InnoDB;


-- -----------------------------------------------------
-- Table `mydb`.`documents`
-- -----------------------------------------------------
CREATE TABLE IF NOT EXISTS `mydb`.`documents` (
  `document_id` INT NOT NULL AUTO_INCREMENT,
  `name` VARCHAR(255) NOT NULL,
  `description` VARCHAR(400) NULL,
  `price` VARCHAR(10) NULL,
  `institution_id` INT NOT NULL,
  `path` VARCHAR(150),
  `file` MEDIUMBLOB NULL,
  PRIMARY KEY (`document_id`),
  INDEX `institution_id_idx` (`institution_id` ASC) VISIBLE,
  CONSTRAINT `institution_id`
    FOREIGN KEY (`institution_id`)
    REFERENCES `mydb`.`institution` (`institution_id`)
    ON DELETE CASCADE
    ON UPDATE CASCADE)
ENGINE = InnoDB;


-- -----------------------------------------------------
-- Table `mydb`.`tasks`
-- -----------------------------------------------------
CREATE TABLE IF NOT EXISTS `mydb`.`tasks` (
  `task_id` INT NOT NULL AUTO_INCREMENT,
  `name` VARCHAR(200) NOT NULL,
  `description` VARCHAR(400) NULL,
  `estimated_time` DATETIME NOT NULL,
  PRIMARY KEY (`task_id`))
ENGINE = InnoDB;


-- -----------------------------------------------------
-- Table `mydb`.`task_documents`
-- -----------------------------------------------------
CREATE TABLE IF NOT EXISTS `mydb`.`task_documents` (
  `task_id` INT NOT NULL,
  `document_id` INT NOT NULL,
  INDEX `task_id_idx` (`task_id` ASC) VISIBLE,
  INDEX `document_id_idx` (`document_id` ASC) VISIBLE,
  PRIMARY KEY (`document_id`, `task_id`),
  CONSTRAINT `task_id`
    FOREIGN KEY (`task_id`)
    REFERENCES `mydb`.`tasks` (`task_id`)
    ON DELETE CASCADE
    ON UPDATE CASCADE,
  CONSTRAINT `document_id`
    FOREIGN KEY (`document_id`)
    REFERENCES `mydb`.`documents` (`document_id`)
    ON DELETE NO ACTION
    ON UPDATE NO ACTION)
ENGINE = InnoDB;


-- -----------------------------------------------------
-- Table `mydb`.`users`
-- -----------------------------------------------------
CREATE TABLE IF NOT EXISTS `mydb`.`users` (
  `user_id` INT NOT NULL AUTO_INCREMENT,
  `username` VARCHAR(45) NOT NULL,
  `password` VARCHAR(100) NOT NULL,
  `email` VARCHAR(100) NOT NULL,
  `phone_number` VARCHAR(15) NOT NULL,
  `city` VARCHAR(100) NULL,
  `created_at` VARCHAR(100) NOT NULL,
  `name` VARCHAR(45) NOT NULL,
  `surname` VARCHAR(45) NOT NULL,
  PRIMARY KEY (`user_id`),
  UNIQUE INDEX `username_UNIQUE` (`username` ASC) VISIBLE,
  UNIQUE INDEX `phone_number_UNIQUE` (`phone_number` ASC) VISIBLE)
ENGINE = InnoDB;


-- -----------------------------------------------------
-- Table `mydb`.`user_documents`
-- -----------------------------------------------------
CREATE TABLE IF NOT EXISTS `mydb`.`user_documents` (
  `user_id` INT NOT NULL,
  `document_id` INT NOT NULL,
  `task_id` INT NOT NULL,
  `status` VARCHAR(45) NOT NULL DEFAULT 'pending',
  `groupID` INT NOT NULL AUTO_INCREMENT,
  INDEX `user_id_idx` (`user_id` ASC) VISIBLE,
  PRIMARY KEY (`groupID`),
  UNIQUE INDEX `groupID_UNIQUE` (`groupID` ASC) VISIBLE,
  INDEX `task_id_from_UD_idx` (`task_id` ASC) VISIBLE,
  INDEX `document_id_from_UD_idx` (`document_id` ASC) VISIBLE,
  CONSTRAINT `user_id`
    FOREIGN KEY (`user_id`)
    REFERENCES `mydb`.`users` (`user_id`)
    ON DELETE CASCADE
    ON UPDATE CASCADE,
  CONSTRAINT `document_id_from_UD`
    FOREIGN KEY (`document_id`)
    REFERENCES `mydb`.`task_documents` (`document_id`)
    ON DELETE NO ACTION
    ON UPDATE CASCADE,
  CONSTRAINT `task_id_from_UD`
    FOREIGN KEY (`task_id`)
    REFERENCES `mydb`.`task_documents` (`task_id`)
    ON DELETE NO ACTION
    ON UPDATE CASCADE)
ENGINE = InnoDB;


-- -----------------------------------------------------
-- Table `mydb`.`feedback`
-- -----------------------------------------------------
CREATE TABLE IF NOT EXISTS `mydb`.`feedback` (
  `feedback_id` INT NOT NULL AUTO_INCREMENT,
  `rating` INT NOT NULL,
  `comment` VARCHAR(200) NULL DEFAULT 'None',
  `created_at` VARCHAR(100) NOT NULL,
  `user_id` INT NOT NULL,
  `institution_id` INT NOT NULL,
  PRIMARY KEY (`feedback_id`),
  INDEX `user_id_idx` (`user_id` ASC) VISIBLE,
  INDEX `institution_id_idx` (`institution_id` ASC) VISIBLE,
  CONSTRAINT `user_id_from_feedback`
    FOREIGN KEY (`user_id`)
    REFERENCES `mydb`.`users` (`user_id`)
    ON DELETE NO ACTION
    ON UPDATE CASCADE,
  CONSTRAINT `institution_id_from_feedback`
    FOREIGN KEY (`institution_id`)
    REFERENCES `mydb`.`institution` (`institution_id`)
    ON DELETE CASCADE
    ON UPDATE CASCADE)
ENGINE = InnoDB;


-- -----------------------------------------------------
-- Table `mydb`.`roles`
-- -----------------------------------------------------
CREATE TABLE IF NOT EXISTS `mydb`.`roles` (
  `role_id` INT NOT NULL AUTO_INCREMENT,
  `name` VARCHAR(20) NOT NULL,
  PRIMARY KEY (`role_id`))
ENGINE = InnoDB;


-- -----------------------------------------------------
-- Table `mydb`.`user_tasks`
-- -----------------------------------------------------
CREATE TABLE IF NOT EXISTS `mydb`.`user_tasks` (
  `task_id` INT NOT NULL,
  `user_id` INT NOT NULL,
  INDEX `user_id_idx` (`user_id` ASC) VISIBLE,
  PRIMARY KEY (`task_id`, `user_id`),
  CONSTRAINT `user_id_from_UT`
    FOREIGN KEY (`user_id`)
    REFERENCES `mydb`.`users` (`user_id`)
    ON DELETE CASCADE
    ON UPDATE CASCADE,
  CONSTRAINT `task_id_from_UT`
    FOREIGN KEY (`task_id`)
    REFERENCES `mydb`.`tasks` (`task_id`)
    ON DELETE CASCADE
    ON UPDATE CASCADE)
ENGINE = InnoDB;


-- -----------------------------------------------------
-- Table `mydb`.`users_roles`
-- -----------------------------------------------------
CREATE TABLE IF NOT EXISTS `mydb`.`users_roles` (
  `user_id` INT NOT NULL,
  `role_id` INT NOT NULL,
  INDEX `role_id_idx` (`role_id` ASC) VISIBLE,
  PRIMARY KEY (`user_id`, `role_id`),
  CONSTRAINT `user_id_from_UR`
    FOREIGN KEY (`user_id`)
    REFERENCES `mydb`.`users` (`user_id`)
    ON DELETE CASCADE
    ON UPDATE CASCADE,
  CONSTRAINT `role_id`
    FOREIGN KEY (`role_id`)
    REFERENCES `mydb`.`roles` (`role_id`)
    ON DELETE CASCADE
    ON UPDATE CASCADE)
ENGINE = InnoDB;


-- -----------------------------------------------------
-- Table `mydb`.`doc_image`
-- -----------------------------------------------------
CREATE TABLE IF NOT EXISTS `mydb`.`doc_image` (
  `id` INT NOT NULL AUTO_INCREMENT,
  `name` VARCHAR(255) NULL,
  `type` VARCHAR(255) NULL,
  `image` MEDIUMBLOB NULL,
  `id_user` INT NOT NULL,
  PRIMARY KEY (`id`),
  INDEX `id_user_idx` (`id_user` ASC) VISIBLE,
  CONSTRAINT `id_user`
    FOREIGN KEY (`id_user`)
    REFERENCES `mydb`.`users` (`user_id`)
    ON DELETE CASCADE
    ON UPDATE CASCADE)
ENGINE = InnoDB;


SET SQL_MODE=@OLD_SQL_MODE;
SET FOREIGN_KEY_CHECKS=@OLD_FOREIGN_KEY_CHECKS;
SET UNIQUE_CHECKS=@OLD_UNIQUE_CHECKS;




insert into roles 
values
(1, "ROLE_ADMIN"),
(2, "ROLE_USER"),
(3, "ROLE_MANAGER");
-- Populare tabela institution
INSERT INTO institution (institution_id, name, address, phone_number, website, monday, tuesday,
wednesday, thursday, friday, saturday, sunday)
VALUES
(1, "ANAF", "Strada Anastasie Panu 26, Iasi", "031.403.91.60", "http://www.anaf.ro/", "08:30 - 16:30", "08:30 -
16:30", "08:30 - 16:30", "08:30 - 16:30", "08:30 - 16:30", "09:00 - 13:00", "liber"),
(2, "Serviciul Public Comunitar Regim Permise de Conducere si Inmatriculare a Vehiculelor","Bulevardul Primaverii 6, Iasi","0232230254","http://www.permiseiasi.ro/","08:30 - 12:30, 13:00 -
18:30","08:30 - 12:30, 13:00 - 16:30","08:30 - 12:30, 13:00 - 16:30","08:30 - 12:30, 13:00 -
16:30","08:30 - 13:00","liber","liber"),
(3, "Directia Locala de Evidenta a Populatiei","Iulius Mall, Bulevardul Tudor Vladimirescu, Iasi","0332803160","https://www.dlep-iasi.ro/","08:30 - 16:00","08:30 - 16:00","08:30 - 16:00","10:30
- 18:00","08:30 - 14:00","liber","liber"),
(4, "Directia Generala de Asistenta Sociala si Protectia Copilului Iasi","Strada Ateneului 1C, Iasi","0232477731","https://www.dasiasi.ro/","07:30 - 16:00","07:30 - 16:00","07:30 -
16:00","07:30 - 16:00","07:30 - 13:30","liber","liber"),
(5, "Primaria Municipiului Iasi","Bulevardul Stefan cel Mare si Sfant nr. 11, Iasi","0232267582","https://www.primaria-iasi.ro","08:30 - 16:30","08:30 - 16:30","08:30 -
16:30","08:30 - 16:30","08:30 - 16:30","liber","liber"),
(6, "Inspectoratul pentru Imigrari Iasi","str. Mihai Costachescu, nr. 2, Iasi","0232221142","https://www.politiadefrontiera.ro/ro/iasi.html","08:00 - 16:00","08:00 -
16:00","08:00 - 16:00","08:00 - 16:00","08:00 - 14:00","liber","liber"),
(7, "Registrul Comertului", "Strada Gandu 2A, Iasi", "0232278088", "http://www.onrc.ro/",
"08:30 - 16:30", "08:30 - 16:30", "08:30 - 16:30", "08:30 - 16:30", "08:30 - 16:30", "liber", "liber"),
(8, "Institutul National de Statistica", "Bd. Stefan cel Mare si Sfant, 69, Iasi", "0232225394",
"https://www.insse.ro/cms/ro", "08:30 - 16:30", "08:30 - 16:30", "08:30 - 16:30", "08:30 - 16:30",
"08:30 - 16:30", "liber", "liber"),
(9, "Institutul National de Sanatate Publica", "Bulevardul Carol I 1, Iasi", "0232221014",
"https://insp.gov.ro/", "08:00 - 16:00", "08:00 - 16:00", "08:00 - 16:00", "08:00 - 16:00", "08:00 -
16:00", "liber", "liber"),
(11, "Compania de asigurari", "Str. Carol I nr. 17, Iasi", "0314039160", "http://www.asigurari.ro/", "08:30 -
16:30", "08:30 - 16:30", "08:30 - 16:30", "08:30 - 16:30", "08:30 - 16:30", "09:00 - 13:00", "liber"),
(12, 'Casa Judeteana de Sanatate','Strada Gheorghe Asachi 18-20, Iasi','0232-218630', 'http://cas.cnas.ro/hih/', ' 08:30 - 16.30', '08:30 - 16.30',
 '08:30 - 16.30', '08:30 - 16.30','liber', 'liber', 'liber');

-- Populare tabela documents
INSERT INTO documents(document_id, name, description, price, institution_id, path, file)
VALUES
(1, "Cartea de identitate a vehiculului", "Eliberata de Serviciul Public Comunitar Regim Permise de
Conducere si Inmatriculare a Vehiculelor", NULL, 2, "http://localhost:6969/api/tasks/find-by-id/5", NULL),
(2, "Adeverinta de la RAR", "Atesta verificarea tehnica periodica a vehiculului", NULL, 2, NULL, NULL),
(3, "Asigurarea RCA in termen de valabilitate", "Eliberata de compania de asigurari", NULL, 11, NULL, NULL),
(6, "Taxa pentru inmatricularea provizorie a vehiculului: 157 lei", "Taxa de plata pentru inmatricularea
provizorie a vehiculului", "157 lei", 2, NULL, NULL),
(7, "Cerere de eliberare carte de identitate", NULL, NULL, 3, NULL, NULL),
(8, "Cerere de schimbare nume (in cazul casatoriei sau a schimbarii numelui)", NULL, NULL, 3, NULL, NULL),
(9, "Taxa pentru eliberarea cartii de identitate: 7 lei", "Taxa de plata pentru eliberarea cartii de
identitate", "7 lei", 3, NULL, NULL),
(10, "Taxa pentru schimbarea numelui: 18 lei", "Taxa de plata pentru schimbarea numelui", "18 lei", 3,
NULL, NULL),
(11, "Cerere pentru Eliberarea Certificatului de Nastere", NULL, NULL, 3, NULL, NULL),
(12, "Adeverinta de la maternitate/hospital", "Atesta nasterea copilului", NULL, 12, NULL, NULL),
(13, "Certificatul de casatorie", "Eliberat de Primaria Municipiului Iasi", NULL, 5, "http://localhost:6969/api/tasks/find-by-id/2", NULL),
(14, "Certificatul de deces", NULL, NULL, 3, "http://localhost:6969/api/tasks/find-by-id/10", NULL),
(15, "Acte justificative care sa ateste cheltuielile solicitantului si ale membrilor familiei (facturi,
chitante, etc.)", NULL, NULL, 1, NULL, NULL),
(16, "Adeverinta de la primarie care sa ateste ca solicitantul nu are proprietate imobiliara", "Atesta ca
solicitantul nu detine proprietati imobiliare", NULL, 5, NULL, NULL),
(17, 'Adeverinta de la ANAF care sa ateste ca solicitantul nu are datorii la stat', 'Adeverinta de la
ANAF', NULL, 1, NULL, NULL),
(18, 'Cerere pentru acordarea ajutorului social', NULL, NULL, 4,
NULL, NULL),
(19, 'Adeverinta de venit', NULL, NULL, 4, NULL, NULL),
(20, 'Certificat de handicap', NULL, NULL, 3, NULL, NULL),
(21, 'Plan de situatie cu locatia imobilului', NULL, NULL, 5, NULL, NULL),
(22, 'Certificat de cazier judiciar', NULL, NULL, 1, NULL, NULL),
(23, 'Viza de intrare in Romania', NULL, '120 euro', 6, NULL, NULL),
(24, 'Taxa de viza', NULL, '120 euro', 6, NULL, NULL),
(25, 'Certificat de inregistrare a cetatenilor din statele membre ale Uniunii Europene', NULL, NULL, 3,
NULL, NULL),
(26, 'Contract de munca', NULL, NULL, 1, NULL, NULL),
(27, 'Certificat Fiscal de la ANAF', NULL, NULL, 1, NULL, NULL),
(28, 'Cerere de Inregistrare Fiscala', NULL, NULL, 1, NULL, NULL),
(29, 'Cerere pentru Eliberarea Certificatului de Conformitate', NULL, NULL, 7,
NULL, NULL),
(30, 'Documente care atesta conformitatea produselor/serviciilor', 'ANAF', NULL, 1,
NULL, NULL),
(31, 'Cerere pentru Eliberarea Certificatului de Casatorie', 'Primaria Municipiului Iasi', NULL, 5,
NULL, NULL),
(32, 'taxa de timbru pentru Certificatul de Casatorie', 'Primaria Municipiului Iasi', '10 lei', 5,
NULL, NULL),
(33, 'Cerere pentru Eliberarea Autorizatiei Sanitare de Functionare', 'Directia Generala de Asistenta
Sociala si Protectia Copilului Iasi', NULL, 4, NULL, NULL),
(34, 'Plan de amenajare a spatiului', 'Directia Locala de Evidenta a Populatiei', NULL, 3,
NULL, NULL),
(35, 'Fisa de securitate a produselor', 'Registrul Comertului', NULL, 7,
NULL, NULL),
(36, 'Cerere pentru Eliberarea Adeverintei Medicale', 'Institutul National de Sanatate Publica', NULL,
9, NULL, NULL),
(37, 'Fisa medicala completa care sa ateste capacitatea fizica si psihica de a desfasura anumite
activitati (sofer, pilot, etc.)', 'Inspectoratul pentru Imigrari Iasi', NULL, 6,
NULL, NULL),
(38, 'Cerere pentru Eliberarea Certificatului de Atestare Fiscala', 'Ministerul de Finante', NULL, 1,
NULL, NULL),
(39, 'Certificat Fiscal de la ANAF', 'ANAF', NULL, 1, 'https://exemplu.com/document10.pdf', NULL),
(40, 'Carte de identitate', 'Eliberat de Directia Locala de Evidenta a Populatiei', '256 de lei', 2,
'http://localhost:6969/api/tasks/find-by-id/8', NULL),
(41, 'Cerere inmatriculare', NULL, NULL, 2, NULL, NULL),
(42, 'Declaratie pierdere sau furare placi', NULL, NULL, 2, NULL, NULL),
(43, 'Dovada plata placi', NULL, '20 lei', 2, NULL, NULL),
(44, 'Procura notariala', 'in cazul in care documentele se depun de alta persoana decat titularul', NULL, 1, NULL, NULL),
(45, 'Cerere viza flotant', 'De la Directia Locala de Evidenta a Populatiei', NULL, 3, NULL, NULL),
(46, 'Contract vanzare casa', 'De la Notar', NULL, 1, NULL, NULL),
(47, 'Certificat de nastere', NULL, NULL, 3, 'http://localhost:6969/api/tasks/find-by-id/9', NULL),
(48, 'Card de sanatate', NULL, NULL, 12, 'http://localhost:6969/api/tasks/find-by-id/43', NULL),
(49, 'Adeverinta medicala', NULL, NULL, 12, NULL, NULL),
(50, 'Certificat concediu medical', NULL, null, 12, NULL, NULL), 
(51, 'Card european de sanatate', null, null, 12, NULL, NULL),
(61, 'Cerere permis', null, null, 2, NULL, NULL),
(62, 'Dovada plata permis', null, "89 de lei", 2, NULL, NULL),
(63, 'Fisa medicala', null, null, 12, NULL, NULL),
(64, 'Permis de conducere', null, null, 2, 'http://localhost:6969/api/tasks/find-by-id/1', NULL),
(65, 'Acte identitate al viitorilor soti', null, null, 3, NULL, NULL),
(66, 'Certificate nastere ale viitorilor soti', null, null, 3, 'http://localhost:6969/api/tasks/find-by-id/9', NULL),
(67, 'Certificat prenuptial', 'Valabil 14 zile', null, 12, NULL, NULL),
(68, 'Declaratie precum ca nu exista motive impotriva casatoriei', null, null, 3, NULL, NULL),
(69, '2 Fotografii (3x4cm) data recenta', null, null, 1, NULL, NULL),
(70, 'Chitanta buletin provizoriu', null, "1 leu", 3,NULL, NULL), 
(71, 'Certificat deces al sotului', null, null, 3, 'http://localhost:6969/api/tasks/find-by-id/10', NULL),
(72, 'Dovada adresa domiciliu' , null, null, 3, NULL , NULL),
(73, 'Cerere activitate RAR', null, null, 2,NULL, NULL),
(74, 'Document inmatriculare din tara de origine', null, null, 2,NULL, NULL),
(75, 'Certificat conformitate', 'eliberat de producatorul vehiculului', null, 2,NULL, NULL),
(76, 'Fisa inmatriculare', 'cu viza ANAF', null, 1, NULL, NULL),
(77, 'Chitanta certificat inmatriculare', null, "37 lei", 2, NULL, NULL),
(78, 'Document drept proprietate masina', null, null, 2, NULL, NULL),
(79, 'Certificat autenticitate RAR', null, null, 2, NULL, NULL),
(80, 'Acte identitate parinti', null, null, 3, 'http://localhost:6969/api/tasks/find-by-id/8', NULL),
(81, 'Declaratie recunoastere copil', 'De catre tatal in fata notarului', null, 3, NULL, NULL),
(82, 'Certificate de nastere parinti', null, null, 3, 'http://localhost:6969/api/tasks/find-by-id/9', NULL),
(83, 'Certificat medical constatator al decesului',  null, null, 12, NULL, NULL),
(84, 'Act identitate decedat',  null, null, 3, NULL, NULL),
(85, 'Cerere tip ',  'pt adeverinta domiciliu', null, 4, NULL, NULL),
(86, 'Cerere tip ',  'pt adeverinta venit', null, 4, NULL, NULL),
(87, 'Buletine membri familie', null, null, 3, 'http://localhost:6969/api/tasks/find-by-id/8', NULL),
(88, 'Cerere plasament' , null, null, 4, NULL, NULL),
(89, 'Adeverinta scoala si caracterizare copil' , null, null, 4, NULL, NULL),
(90, 'Cerere autorizatie constructie' , null, null, 5, NULL, NULL),
(91, 'Certificat urbanism' , null, null, 5, 'http://localhost:6969/api/tasks/find-by-id/18', NULL),
(92, 'Titlu proprietate al imobilului', null, null, 3, NULL, NULL),
(93, 'Proiect autorizare lucrari construire', null, null, 5, NULL, NULL),
(94, 'Fise tehnice pt obtinerea vizelor de in certificatul de urbanism', null, null, 5, NULL, NULL),
(95, 'Avizele si acordurile obtinute de solicitant, altele decat cele din competenta de obtinere a emitentului, stabilite prin certificatul de urbanism (in copie)', null, null, 5, NULL, NULL),
(96, 'Declaratie pe propria raspundere privind inexistenta unor litigii asupra imobilului', null, null, 5, NULL, NULL),
(97, 'Documentul de plata a taxei de emitere a autorizatiei de construire (in copie)', null, null, 5, NULL, NULL),
(98, 'Documentele de plata a taxelor legale pentru avizele si acordurile necesare emiterii acordului unic, conform listei avizelor si acordurilor necesare, comunicate o data cu certificatul de urbanism (in copie)', null, null, 5, NULL, NULL),
(99, 'Cerere-tip pentru emiterea certificatului de urbanism', null, null, 5, NULL,NULL ),
(100, 'plan de situatie, elaborat pe suport topografic', null, null, 5, NULL,NULL),
(101, 'extrasul de Carte funciara',  null, null, 5, NULL,NULL),
(102, 'documentul de plata a taxei de eliberare a certificatului de urbanism',  null, null, 5, NULL,NULL),
(103, 'certificat de inmatriculare si codul fiscal al firmei publicitate', null, null, 7, 'http://localhost:6969/api/tasks/find-by-id/28',NULL),
(104, 'contractul de inchiriere/ actul de proprietate al detinatorului spatiului/ terenului/ cladirii – in copii', null, null, 5, NULL, NULL),
(105, 'acordul scris al proprietarului pentru amplasarea panoului publicitar, reclamei', null, null, 5, NULL, NULL),
(106, 'Documentul de trecere a frontierei de stat', null, null, 6, NULL, NULL),
(107, 'Actele doveditoare privind detinerea legala a spatiului de locuit', null, null, 5, NULL, NULL),
(108, 'Actele doveditoare privind mijloacele de intretinere', null, null, 4, NULL, NULL),
(109, 'Dovada asigurarii sociale de sanatate', null, null, 12, NULL, NULL),
(110, 'Pasaport valabil', null, null, 2, NULL, NULL),
(111, 'Dovada rezervarii zborului', null, null, 2, NULL, NULL),
(112, 'Dovada rezervarii hotelului', null, null, 2, NULL, NULL),
(113, 'Dovada mijloacelor financiare', null, null, 1, NULL, NULL),
(114, 'Asigurarea medicala', null, null, 12, NULL, NULL),
(115, 'Cerere de azil sau de statut de refugiat', null, null, 6, NULL, NULL),
(116, 'Pasaport sau orice alt document de identitate valabil', null, null, 2, NULL, NULL),
(117, 'Orice alt document care poate fi utilizat pentru a demonstra motivele de persecutie sau teama de persecutie in tara de origine', null, null, 2, NULL, NULL),
(118, 'Actul constitutiv al firmei', null, null, 2, NULL, NULL),
(119, 'Certificatul de identificare fiscala (CIF)', null, null, 1, NULL, NULL),
(120, 'Certificatul de inregistrare la registrul comertului', null, null, 7, 'http://localhost:6969/api/tasks/find-by-id/28', NULL),
(121, 'Dovada platii taxei de inregistrare a firmei', null, null, 7, NULL, NULL),
(122, 'Cerere de eliberare a certificatului constatator', null, null, 7, NULL, NULL),
(123, 'Dovada de plata a taxei certificatului constatator', null, null, 7, NULL, NULL),
(124, 'Adeverinta de la primarie', null, null, 5, NULL, NULL),
(125, 'Cerere de eliberare a cardului national de sanatate', null, null, 12, NULL, NULL),
(126, 'Autorizatia de functionare', null, null, 5, NULL, NULL),
(127, 'Avizele si autorizatiile de specialitate', null, null, 5, NULL, NULL),
(129, 'Contractul cu casa de asigurari de sanatate', null, null, 12, NULL, NULL);

-- Populare tabela tasks
INSERT INTO tasks (task_id, name, description, estimated_time)
VALUES
(1,'Permis de conducere', 'Se obtine de la Serviciul Public comunitar regim permise de conducere',
'2023-04-27 08:00:00'),
(2,'Certificat de casatorie', 'Se obtine la primaria Municipiului Iasi', '2023-04-27 08:00:00'),
(3, 'Buletin provizoriu', 'Act de identitate temporar valabil 1 an de zile.', '2023-04-27 08:00:00'),
(4, 'Pasaport', 'Pasaport simplu electronic obtinut de la Sectia Pasapoarte', '2023-04-27 14:00:00'),
(5,'Carte de identitate a vehiculului (CIV)', 'Serviciul Public Comunitar Regim Permise de Conducere si
Inmatriculare a Vehiculelor', NOW()),
(6,'Certificat de inmatriculare (numere de inmatriculare)', 'Serviciul Public Comunitar Regim Permise de
Conducere si Inmatriculare a Vehiculelor', NOW()),
(7,'Certificat de inmatriculare provizorie', 'Serviciul Public Comunitar Regim Permise de Conducere si
Inmatriculare a Vehiculelor', NOW()),
(8,'Carte de identitate', 'Directia Locala de Evidenta a Populatiei', NOW()),
(9,'Certificat de nastere', 'Directia Locala de Evidenta a Populatiei', NOW()),
(10,'Certificat de deces', 'Directia Locala de Evidenta a Populatiei', NOW()),
(11,'Adeverinta de domiciliu', 'Directia Locala de Evidenta a Populatiei', NOW()),
(12,'Adeverinta de venit', 'Directia Generala de Asistenta Sociala si Protectia Copilului Iasi', NOW()),
(13,'Contract de asistenta sociala', 'Directia Generala de Asistenta Sociala si Protectia Copilului Iasi',
NOW()),
(14,'Decizia de acordare a ajutorului social', 'Directia Generala de Asistenta Sociala si Protectia Copilului
Iasi', NOW()),
(15,'Decizie de plasament in regim de urgenta a copilului', 'Directia Generala de Asistenta Sociala si
Protectia Copilului Iasi', NOW()),
(16,'Autorizatie de plasament familial', 'Directia Generala de Asistenta Sociala si Protectia Copilului Iasi',
NOW()),
(17,'Autorizatie de construire', 'Primaria Municipiului Iasi', NOW()),
(18,'Certificat de urbanism', 'Primaria Municipiului Iasi', NOW()),
(21,'Autorizatie de amplasare publicitati', 'Primaria Municipiului Iasi', NOW()),
(22,'Autorizatie de parcare pentru persoane cu dizabilitati', 'Primaria Municipiului Iasi', NOW()),
(24,'Permis de sedere', 'Inspectoratul pentru Imigrari Iasi', '2023-05-06 12:00:00'),
(26,'Autorizatie de munca pentru straini', 'Inspectoratul pentru Imigrari Iasi', '2023-05-08 12:00:00'),
(27,'Document de refugiat sau de azil', 'Inspectoratul pentru Imigrari Iasi', '2023-05-09 12:00:00'),
(28,'Certificat de inregistrare a firmei', 'Registrul Comertului', '2023-05-11 12:00:00'),
(29,'Certificat constatator', 'Registrul Comertului', '2023-05-12 12:00:00'),
(36,'Autorizatii si avize pentru functionarea institutiilor medicale', 'Institutul National de Sanatate
Publica', '2023-05-19 12:00:00'),
(41,'Placi cu numar de inmatriculare', 'Serviciul Public Comunitar Regim Permise de Conducere si
Inmatriculare a Vehiculelor', NOW()),
(42, 'Viza de flotant', 'Directia Locala de Evidenta a Populatiei', NOW()),
(43, 'Card National de sanatate', 'De la CNAS', NOW()),
(44, 'Adeverinta de asigurat', 'De la CNAS', NOW());

-- Populare tabela task_documents
INSERT INTO task_documents (task_id, document_id)
VALUES
(1, 61),
(1, 40),
(1, 62),
(1, 63),
(1, 64),
(2, 32),
(2, 31),
(2, 65),
(2, 66),
(2, 67),
(2, 68),
(3, 7),
(3, 40),
(3, 69),
(3, 70),
(3, 13),
(3, 47),
(3, 72),
(4, 40),
(5, 40),
(5, 73),
(5, 74),
(5, 75),
(6, 41),
(6, 76),
(6, 77),
(6, 40),
(6, 3),
(6, 78),
(6, 79),
(6, 1),
(6, 2),
(6, 43),
(7, 3),
(7, 6),
(7, 40),
(7, 41),
(7, 43),
(7, 74),
(7, 78),
(8, 47),
(8, 40),
(8, 13),
(8, 71),
(8, 7),
(8, 8),
(8, 9),
(8, 10),
(8, 46),
(9, 11),
(9, 12),
(9, 80),
(9, 13),
(9, 81),
(9, 82),
(10, 83),
(10, 84),
(10, 13),
(10, 40),
(10, 47),
(11, 40),
(11, 85),
(12, 86),
(12, 40),
(13, 13),
(13, 47),
(13, 19),
(13, 49),
(13, 40),
(14, 40),
(14, 13),
(14, 14),
(14, 15),
(14, 16),
(14, 17),
(14, 18),
(14, 19),
(14, 20),
(15, 87),
(15, 47),
(15, 49),
(15, 13),
(15, 20),
(15, 21),
(16, 47),
(16, 49),
(16, 13),
(16, 20),
(16, 21),
(16, 87),
(16, 88),
(17, 90),
(17, 91),
(17, 92),
(17, 93),
(17, 94),
(17, 95),
(17, 96),
(17, 97),
(17, 98),
(18, 99),
(18, 100),
(18,101),
(18,102),
(21, 99),
(21, 100),
(21, 101),
(21, 102),
(21, 103),
(21, 104),
(21, 105),
(22, 40),
(22, 20),
(22, 69),
(24, 106),
(24, 107),
(24, 108),
(24, 109),
(26, 110),
(26, 111),
(26, 112),
(26, 113),
(26, 114),
(27, 13),
(27, 47),
(27, 115),
(27, 116),
(27, 117),
(28, 118),
(28, 119),
(28, 120),
(28, 121),
(29, 122),
(29, 123),
(29, 40),
(29, 118),
(36, 126),
(36, 127),
(36, 119),
(36, 129),
(41, 40),
(41, 41),
(41, 42),
(41, 43),
(41, 44),
(42, 45),
(42, 40),
(42, 46),
(43, 40),
(43, 49),
(43, 124),
(43, 125),
(44, 40);
